﻿<?xml version="1.0" encoding="UTF-8"?>
<csw:GetRecordByIdResponse xmlns:csw="http://www.opengis.net/cat/csw/2.0.2">
  <gmd:MD_Metadata xmlns:gmd="http://www.isotc211.org/2005/gmd" xmlns:xsi="http://www.w3.org/2001/XMLSchema-instance" xmlns:gco="http://www.isotc211.org/2005/gco" xmlns:gml="http://www.opengis.net/gml" xmlns:gts="http://www.isotc211.org/2005/gts" xmlns:gmx="http://www.isotc211.org/2005/gmx" xmlns:xlink="http://www.w3.org/1999/xlink" xmlns:geonet="http://www.fao.org/geonetwork" xsi:schemaLocation="http://www.isotc211.org/2005/gmd http://schemas.opengis.net/iso/19139/20060504/gmd/gmd.xsd http://www.isotc211.org/2005/gmx http://schemas.opengis.net/iso/19139/20060504/gmx/gmx.xsd">
    <gmd:fileIdentifier>
      <gco:CharacterString>4f3271dc-f7e5-451c-b08a-d378fd2e6536_RAMSAR_Catalunya</gco:CharacterString>
    </gmd:fileIdentifier>
    <gmd:language>
      <gmd:LanguageCode codeList="https://www.isotc211.org/2005/resources/Codelist/ML_gmxCodelists.xml#LanguageCode" codeListValue="cat">cat</gmd:LanguageCode>
    </gmd:language>
    <gmd:characterSet>
      <gmd:MD_CharacterSetCode codeList="https://www.isotc211.org/2005/resources/Codelist/ML_gmxCodelists.xml#MD_CharacterSetCode" codeListValue="utf8">UTF-8</gmd:MD_CharacterSetCode>
    </gmd:characterSet>
    <gmd:hierarchyLevel>
      <gmd:MD_ScopeCode codeList="https://www.isotc211.org/2005/resources/Codelist/ML_gmxCodelists.xml#MD_ScopeCode" codeListValue="dataset">Capa</gmd:MD_ScopeCode>
    </gmd:hierarchyLevel>
    <gmd:hierarchyLevelName>
      <gco:CharacterString>Capa-Full</gco:CharacterString>
    </gmd:hierarchyLevelName>
    <gmd:contact>
      <gmd:CI_ResponsibleParty>
        <gmd:individualName>
          <gco:CharacterString>Unitat d'Informació i Coneixement (Direcció General de Polítiques Ambientals i Medi Natural)</gco:CharacterString>
        </gmd:individualName>
        <gmd:organisationName>
          <gco:CharacterString>Departament d'Acció Climàtica, Alimentació i Agenda Rural (Generalitat de Catalunya)</gco:CharacterString>
        </gmd:organisationName>
        <gmd:contactInfo>
          <gmd:CI_Contact>
            <gmd:address>
              <gmd:CI_Address>
                <gmd:electronicMailAddress>
                  <gco:CharacterString>ambitinformacionatura.tes@gencat.cat</gco:CharacterString>
                </gmd:electronicMailAddress>
              </gmd:CI_Address>
            </gmd:address>
            <gmd:onlineResource>
              <gmd:CI_OnlineResource>
                <gmd:linkage>
                  <gmd:URL>http://mediambient.gencat.cat</gmd:URL>
                </gmd:linkage>
                <gmd:function>
                  <gmd:CI_OnLineFunctionCode codeList="https://www.isotc211.org/2005/resources/Codelist/ML_gmxCodelists.xml#CI_OnLineFunctionCode" codeListValue="download">Descàrrega</gmd:CI_OnLineFunctionCode>
                </gmd:function>
              </gmd:CI_OnlineResource>
            </gmd:onlineResource>
          </gmd:CI_Contact>
        </gmd:contactInfo>
        <gmd:role>
          <gmd:CI_RoleCode codeList="https://www.isotc211.org/2005/resources/Codelist/gmxCodelists.xml#CI_RoleCode" codeListValue="processor">Processador</gmd:CI_RoleCode>
        </gmd:role>
      </gmd:CI_ResponsibleParty>
    </gmd:contact>
    <gmd:dateStamp>
      <gco:Date>2021-09-07</gco:Date>
    </gmd:dateStamp>
    <gmd:metadataStandardName>
      <gco:CharacterString>ISO 19115 Geographic Information - Metadata</gco:CharacterString>
    </gmd:metadataStandardName>
    <gmd:metadataStandardVersion>
      <gco:CharacterString>2003/Cor.1:2006</gco:CharacterString>
    </gmd:metadataStandardVersion>
    <gmd:dataSetURI>
      <gco:CharacterString>\\C.ftx.gencat.cat\3150018_t011300$\UIC\ME00284_Cartografia_UIC\01_Shapefile\BASES_EspaisNaturals\Proteccio_Internacional\RAMSAR\Versio_vigent_20210517\RAMSAR_Catalunya_20210507.shp</gco:CharacterString>
    </gmd:dataSetURI>
    <gmd:spatialRepresentationInfo>
      <gmd:MD_VectorSpatialRepresentation>
        <gmd:topologyLevel>
          <gmd:MD_TopologyLevelCode codeList="https://www.isotc211.org/2005/resources/Codelist/gmxCodelists.xml#MD_TopologyLevelCode" codeListValue="geometryOnly">Només geometria</gmd:MD_TopologyLevelCode>
        </gmd:topologyLevel>
        <gmd:geometricObjects>
          <gmd:MD_GeometricObjects>
            <gmd:geometricObjectType>
              <gmd:MD_GeometricObjectTypeCode codeList="https://www.isotc211.org/2005/resources/Codelist/gmxCodelists.xml#MD_GeometricObjectTypeCode" codeListValue="surface">Superfície</gmd:MD_GeometricObjectTypeCode>
            </gmd:geometricObjectType>
            <gmd:geometricObjectCount>
              <gco:Integer>6</gco:Integer>
            </gmd:geometricObjectCount>
          </gmd:MD_GeometricObjects>
        </gmd:geometricObjects>
      </gmd:MD_VectorSpatialRepresentation>
    </gmd:spatialRepresentationInfo>
    <gmd:referenceSystemInfo>
      <gmd:MD_ReferenceSystem>
        <gmd:referenceSystemIdentifier>
          <gmd:RS_Identifier>
            <gmd:code>
              <gmx:Anchor xlink:href="http://www.opengis.net/def/crs/EPSG/0/25831">UTM-31N-ETRS89</gmx:Anchor>
            </gmd:code>
          </gmd:RS_Identifier>
        </gmd:referenceSystemIdentifier>
      </gmd:MD_ReferenceSystem>
    </gmd:referenceSystemInfo>
    <gmd:identificationInfo>
      <gmd:MD_DataIdentification>
        <gmd:citation>
          <gmd:CI_Citation>
            <gmd:title>
              <gco:CharacterString>Zones humides incloses a la Llista de Conveni de Ramsar de Catalunya</gco:CharacterString>
            </gmd:title>
            <gmd:alternateTitle>
              <gco:CharacterString>Zones humides</gco:CharacterString>
            </gmd:alternateTitle>
            <gmd:alternateTitle>
              <gco:CharacterString>RAMSAR</gco:CharacterString>
            </gmd:alternateTitle>
            <gmd:alternateTitle>
              <gco:CharacterString>Conveni de Ramsar</gco:CharacterString>
            </gmd:alternateTitle>
            <gmd:date>
              <gmd:CI_Date>
                <gmd:date>
                  <gco:Date>2021-05-11</gco:Date>
                </gmd:date>
                <gmd:dateType>
                  <gmd:CI_DateTypeCode codeList="https://www.isotc211.org/2005/resources/Codelist/ML_gmxCodelists.xml#CI_DateTypeCode" codeListValue="creation">Creació</gmd:CI_DateTypeCode>
                </gmd:dateType>
              </gmd:CI_Date>
            </gmd:date>
            <gmd:editionDate>
              <gco:Date>2021-05-11</gco:Date>
            </gmd:editionDate>
            <gmd:identifier>
              <gmd:RS_Identifier>
                <gmd:code>
                  <gco:CharacterString>4f3271dc-f7e5-451c-b08a-d378fd2e6536_RAMSAR_Catalunya</gco:CharacterString>
                </gmd:code>
              </gmd:RS_Identifier>
            </gmd:identifier>
          </gmd:CI_Citation>
        </gmd:citation>
        <gmd:abstract>
          <gco:CharacterString>Delimitació de les zones humides incloses a la Llista Ramsar de Catalunya. El Conveni de Ramsar, o Conveni relatiu a les zones humides d'importància internacional especialment com a hàbitat d'aus aquàtiques, sorgeix de la firma del mateix a la ciutat de Ramsar (Iran) el 2 de febrer de 1971, i estableix la creació, a nivell internacional, d'una xarxa de zones humides coneguda com a Llista Ramsar. Les dades geogràfiques provenen de les autoritats competents i està adaptada a l'àmbit geogràfic de Catalunya, i la base de dades associada conté informació de la zona humida, així com les dades publicades en el Butlletí Oficial de l'Estat.</gco:CharacterString>
        </gmd:abstract>
        <gmd:purpose>
          <gco:CharacterString>Mostrar i donar a conèixer quin és el nombre de zones humides incloses a la Llista Ramsar, així com la seva localització i/o superfície. El Conveni de Ramsar serveix de marc per a l'acció nacional i la cooperació internacional en pro de la conservació i l'ús racional de les zones humides i els seus recursos, pel que es pot utilitzar per estudis, estratègies i projectes que poden afectar aquests espais.</gco:CharacterString>
        </gmd:purpose>
        <gmd:pointOfContact>
          <gmd:CI_ResponsibleParty>
            <gmd:individualName>
              <gco:CharacterString>Unitat d'Informació i Coneixement (Direcció General de Polítiques Ambientals i Medi Natural)</gco:CharacterString>
            </gmd:individualName>
            <gmd:organisationName>
              <gco:CharacterString>Departament d'Acció Climàtica, Alimentació i Agenda Rural (Generalitat de Catalunya)</gco:CharacterString>
            </gmd:organisationName>
            <gmd:contactInfo>
              <gmd:CI_Contact>
                <gmd:address>
                  <gmd:CI_Address>
                    <gmd:electronicMailAddress>
                      <gco:CharacterString>ambitinformacionatura.tes@gencat.cat</gco:CharacterString>
                    </gmd:electronicMailAddress>
                  </gmd:CI_Address>
                </gmd:address>
                <gmd:onlineResource>
                  <gmd:CI_OnlineResource>
                    <gmd:linkage>
                      <gmd:URL>http://mediambient.gencat.cat</gmd:URL>
                    </gmd:linkage>
                    <gmd:function>
                      <gmd:CI_OnLineFunctionCode codeList="https://www.isotc211.org/2005/resources/Codelist/ML_gmxCodelists.xml#CI_OnLineFunctionCode" codeListValue="download">Descàrrega</gmd:CI_OnLineFunctionCode>
                    </gmd:function>
                  </gmd:CI_OnlineResource>
                </gmd:onlineResource>
              </gmd:CI_Contact>
            </gmd:contactInfo>
            <gmd:role>
              <gmd:CI_RoleCode codeList="https://www.isotc211.org/2005/resources/Codelist/gmxCodelists.xml#CI_RoleCode" codeListValue="originator">Creador</gmd:CI_RoleCode>
            </gmd:role>
          </gmd:CI_ResponsibleParty>
        </gmd:pointOfContact>
        <gmd:pointOfContact>
          <gmd:CI_ResponsibleParty>
            <gmd:individualName>
              <gco:CharacterString>Servicio de Conservación e Inventariación de Humedales</gco:CharacterString>
            </gmd:individualName>
            <gmd:organisationName>
              <gco:CharacterString>Ministerio para la Transición Ecológica y el Reto Demográfico</gco:CharacterString>
            </gmd:organisationName>
            <gmd:contactInfo>
              <gmd:CI_Contact>
                <gmd:address>
                  <gmd:CI_Address>
                    <gmd:electronicMailAddress>
                      <gco:CharacterString>MBernues@miteco.es</gco:CharacterString>
                    </gmd:electronicMailAddress>
                  </gmd:CI_Address>
                </gmd:address>
              </gmd:CI_Contact>
            </gmd:contactInfo>
            <gmd:role>
              <gmd:CI_RoleCode codeList="https://www.isotc211.org/2005/resources/Codelist/gmxCodelists.xml#CI_RoleCode" codeListValue="originator">Creador</gmd:CI_RoleCode>
            </gmd:role>
          </gmd:CI_ResponsibleParty>
        </gmd:pointOfContact>
        <gmd:pointOfContact>
          <gmd:CI_ResponsibleParty>
            <gmd:individualName>
              <gco:CharacterString>Unitat d'Informació i Coneixement (Direcció General de Polítiques Ambientals i Medi Natural)</gco:CharacterString>
            </gmd:individualName>
            <gmd:organisationName>
              <gco:CharacterString>Departament d'Acció Climàtica, Alimentació i Agenda Rural (Generalitat de Catalunya)</gco:CharacterString>
            </gmd:organisationName>
            <gmd:contactInfo>
              <gmd:CI_Contact>
                <gmd:address>
                  <gmd:CI_Address>
                    <gmd:electronicMailAddress>
                      <gco:CharacterString>ambitinformacionatura.tes@gencat.cat</gco:CharacterString>
                    </gmd:electronicMailAddress>
                  </gmd:CI_Address>
                </gmd:address>
                <gmd:onlineResource>
                  <gmd:CI_OnlineResource>
                    <gmd:linkage>
                      <gmd:URL>http://mediambient.gencat.cat</gmd:URL>
                    </gmd:linkage>
                    <gmd:function>
                      <gmd:CI_OnLineFunctionCode codeList="https://www.isotc211.org/2005/resources/Codelist/ML_gmxCodelists.xml#CI_OnLineFunctionCode" codeListValue="download">Descàrrega</gmd:CI_OnLineFunctionCode>
                    </gmd:function>
                  </gmd:CI_OnlineResource>
                </gmd:onlineResource>
              </gmd:CI_Contact>
            </gmd:contactInfo>
            <gmd:role>
              <gmd:CI_RoleCode codeList="https://www.isotc211.org/2005/resources/Codelist/gmxCodelists.xml#CI_RoleCode" codeListValue="processor">Processador</gmd:CI_RoleCode>
            </gmd:role>
          </gmd:CI_ResponsibleParty>
        </gmd:pointOfContact>
        <gmd:resourceMaintenance>
          <gmd:MD_MaintenanceInformation>
            <gmd:maintenanceAndUpdateFrequency>
              <gmd:MD_MaintenanceFrequencyCode codeList="https://www.isotc211.org/2005/resources/Codelist/gmxCodelists.xml#MD_MaintenanceFrequencyCode" codeListValue="asNeeded">Segons necessitat</gmd:MD_MaintenanceFrequencyCode>
            </gmd:maintenanceAndUpdateFrequency>
          </gmd:MD_MaintenanceInformation>
        </gmd:resourceMaintenance>
        <gmd:descriptiveKeywords>
          <gmd:MD_Keywords>
            <gmd:keyword>
              <gco:CharacterString>Zones humides</gco:CharacterString>
            </gmd:keyword>
            <gmd:type>
              <gmd:MD_KeywordTypeCode codeList="https://www.isotc211.org/2005/resources/Codelist/gmxCodelists.xml#MD_KeywordTypeCode" codeListValue="theme">Tema</gmd:MD_KeywordTypeCode>
            </gmd:type>
            <gmd:thesaurusName>
              <gmd:CI_Citation>
                <gmd:title>
                  <gco:CharacterString>Tesaurus del MiraMon</gco:CharacterString>
                </gmd:title>
                <gmd:date>
                  <gmd:CI_Date>
                    <gmd:date>
                      <gco:DateTime>2021-05-25T08:02:34.000</gco:DateTime>
                    </gmd:date>
                    <gmd:dateType>
                      <gmd:CI_DateTypeCode codeList="https://www.isotc211.org/2005/resources/Codelist/ML_gmxCodelists.xml#CI_DateTypeCode" codeListValue="publication">Publicació</gmd:CI_DateTypeCode>
                    </gmd:dateType>
                  </gmd:CI_Date>
                </gmd:date>
                <gmd:citedResponsibleParty>
                  <gmd:CI_ResponsibleParty>
                    <gmd:organisationName>
                      <gco:CharacterString>MiraMon</gco:CharacterString>
                    </gmd:organisationName>
                    <gmd:contactInfo>
                      <gmd:CI_Contact>
                        <gmd:onlineResource>
                          <gmd:CI_OnlineResource>
                            <gmd:linkage>
                              <gmd:URL>https://www.creaf.uab.cat/miramon/</gmd:URL>
                            </gmd:linkage>
                            <gmd:function>
                              <gmd:CI_OnLineFunctionCode codeList="https://www.isotc211.org/2005/resources/Codelist/ML_gmxCodelists.xml#CI_OnLineFunctionCode" codeListValue="information">Informació</gmd:CI_OnLineFunctionCode>
                            </gmd:function>
                          </gmd:CI_OnlineResource>
                        </gmd:onlineResource>
                      </gmd:CI_Contact>
                    </gmd:contactInfo>
                    <gmd:role>
                      <gmd:CI_RoleCode codeList="https://www.isotc211.org/2005/resources/Codelist/gmxCodelists.xml#CI_RoleCode" codeListValue="originator">Creador</gmd:CI_RoleCode>
                    </gmd:role>
                  </gmd:CI_ResponsibleParty>
                </gmd:citedResponsibleParty>
              </gmd:CI_Citation>
            </gmd:thesaurusName>
          </gmd:MD_Keywords>
        </gmd:descriptiveKeywords>
        <gmd:descriptiveKeywords>
          <gmd:MD_Keywords>
            <gmd:keyword>
              <gco:CharacterString>Espais protegits</gco:CharacterString>
            </gmd:keyword>
            <gmd:type>
              <gmd:MD_KeywordTypeCode codeList="https://www.isotc211.org/2005/resources/Codelist/gmxCodelists.xml#MD_KeywordTypeCode" codeListValue="theme">Tema</gmd:MD_KeywordTypeCode>
            </gmd:type>
            <gmd:thesaurusName>
              <gmd:CI_Citation>
                <gmd:title>
                  <gco:CharacterString>Tesaurus del MiraMon</gco:CharacterString>
                </gmd:title>
                <gmd:date>
                  <gmd:CI_Date>
                    <gmd:date>
                      <gco:DateTime>2021-05-25T08:02:34.000</gco:DateTime>
                    </gmd:date>
                    <gmd:dateType>
                      <gmd:CI_DateTypeCode codeList="https://www.isotc211.org/2005/resources/Codelist/ML_gmxCodelists.xml#CI_DateTypeCode" codeListValue="publication">Publicació</gmd:CI_DateTypeCode>
                    </gmd:dateType>
                  </gmd:CI_Date>
                </gmd:date>
                <gmd:citedResponsibleParty>
                  <gmd:CI_ResponsibleParty>
                    <gmd:organisationName>
                      <gco:CharacterString>MiraMon</gco:CharacterString>
                    </gmd:organisationName>
                    <gmd:contactInfo>
                      <gmd:CI_Contact>
                        <gmd:onlineResource>
                          <gmd:CI_OnlineResource>
                            <gmd:linkage>
                              <gmd:URL>https://www.creaf.uab.cat/miramon/</gmd:URL>
                            </gmd:linkage>
                            <gmd:function>
                              <gmd:CI_OnLineFunctionCode codeList="https://www.isotc211.org/2005/resources/Codelist/ML_gmxCodelists.xml#CI_OnLineFunctionCode" codeListValue="information">Informació</gmd:CI_OnLineFunctionCode>
                            </gmd:function>
                          </gmd:CI_OnlineResource>
                        </gmd:onlineResource>
                      </gmd:CI_Contact>
                    </gmd:contactInfo>
                    <gmd:role>
                      <gmd:CI_RoleCode codeList="https://www.isotc211.org/2005/resources/Codelist/gmxCodelists.xml#CI_RoleCode" codeListValue="originator">Creador</gmd:CI_RoleCode>
                    </gmd:role>
                  </gmd:CI_ResponsibleParty>
                </gmd:citedResponsibleParty>
              </gmd:CI_Citation>
            </gmd:thesaurusName>
          </gmd:MD_Keywords>
        </gmd:descriptiveKeywords>
        <gmd:descriptiveKeywords>
          <gmd:MD_Keywords>
            <gmd:keyword>
              <gco:CharacterString>conservació del medi ambient</gco:CharacterString>
            </gmd:keyword>
            <gmd:type>
              <gmd:MD_KeywordTypeCode codeList="https://www.isotc211.org/2005/resources/Codelist/gmxCodelists.xml#MD_KeywordTypeCode" codeListValue="theme">Tema</gmd:MD_KeywordTypeCode>
            </gmd:type>
            <gmd:thesaurusName>
              <gmd:CI_Citation>
                <gmd:title>
                  <gco:CharacterString>GEMET Thesaurus version 1.0</gco:CharacterString>
                </gmd:title>
                <gmd:date>
                  <gmd:CI_Date>
                    <gmd:date>
                      <gco:Date>2008-06-10</gco:Date>
                    </gmd:date>
                    <gmd:dateType>
                      <gmd:CI_DateTypeCode codeList="https://www.isotc211.org/2005/resources/Codelist/ML_gmxCodelists.xml#CI_DateTypeCode" codeListValue="publication">Publicació</gmd:CI_DateTypeCode>
                    </gmd:dateType>
                  </gmd:CI_Date>
                </gmd:date>
                <gmd:citedResponsibleParty>
                  <gmd:CI_ResponsibleParty>
                    <gmd:organisationName>
                      <gco:CharacterString>European Environment Information and Observation Network (Eionet)</gco:CharacterString>
                    </gmd:organisationName>
                    <gmd:contactInfo>
                      <gmd:CI_Contact>
                        <gmd:onlineResource>
                          <gmd:CI_OnlineResource>
                            <gmd:linkage>
                              <gmd:URL>https://www.eionet.europa.eu/gemet</gmd:URL>
                            </gmd:linkage>
                            <gmd:function>
                              <gmd:CI_OnLineFunctionCode codeList="https://www.isotc211.org/2005/resources/Codelist/ML_gmxCodelists.xml#CI_OnLineFunctionCode" codeListValue="information">Informació</gmd:CI_OnLineFunctionCode>
                            </gmd:function>
                          </gmd:CI_OnlineResource>
                        </gmd:onlineResource>
                      </gmd:CI_Contact>
                    </gmd:contactInfo>
                    <gmd:role>
                      <gmd:CI_RoleCode codeList="https://www.isotc211.org/2005/resources/Codelist/gmxCodelists.xml#CI_RoleCode" codeListValue="originator">Creador</gmd:CI_RoleCode>
                    </gmd:role>
                  </gmd:CI_ResponsibleParty>
                </gmd:citedResponsibleParty>
              </gmd:CI_Citation>
            </gmd:thesaurusName>
          </gmd:MD_Keywords>
        </gmd:descriptiveKeywords>
        <gmd:descriptiveKeywords>
          <gmd:MD_Keywords>
            <gmd:keyword>
              <gco:CharacterString>conservació de la natura</gco:CharacterString>
            </gmd:keyword>
            <gmd:type>
              <gmd:MD_KeywordTypeCode codeList="https://www.isotc211.org/2005/resources/Codelist/gmxCodelists.xml#MD_KeywordTypeCode" codeListValue="theme">Tema</gmd:MD_KeywordTypeCode>
            </gmd:type>
            <gmd:thesaurusName>
              <gmd:CI_Citation>
                <gmd:title>
                  <gco:CharacterString>GEMET Thesaurus version 1.0</gco:CharacterString>
                </gmd:title>
                <gmd:date>
                  <gmd:CI_Date>
                    <gmd:date>
                      <gco:Date>2008-06-10</gco:Date>
                    </gmd:date>
                    <gmd:dateType>
                      <gmd:CI_DateTypeCode codeList="https://www.isotc211.org/2005/resources/Codelist/ML_gmxCodelists.xml#CI_DateTypeCode" codeListValue="publication">Publicació</gmd:CI_DateTypeCode>
                    </gmd:dateType>
                  </gmd:CI_Date>
                </gmd:date>
                <gmd:citedResponsibleParty>
                  <gmd:CI_ResponsibleParty>
                    <gmd:organisationName>
                      <gco:CharacterString>European Environment Information and Observation Network (Eionet)</gco:CharacterString>
                    </gmd:organisationName>
                    <gmd:contactInfo>
                      <gmd:CI_Contact>
                        <gmd:onlineResource>
                          <gmd:CI_OnlineResource>
                            <gmd:linkage>
                              <gmd:URL>https://www.eionet.europa.eu/gemet</gmd:URL>
                            </gmd:linkage>
                            <gmd:function>
                              <gmd:CI_OnLineFunctionCode codeList="https://www.isotc211.org/2005/resources/Codelist/ML_gmxCodelists.xml#CI_OnLineFunctionCode" codeListValue="information">Informació</gmd:CI_OnLineFunctionCode>
                            </gmd:function>
                          </gmd:CI_OnlineResource>
                        </gmd:onlineResource>
                      </gmd:CI_Contact>
                    </gmd:contactInfo>
                    <gmd:role>
                      <gmd:CI_RoleCode codeList="https://www.isotc211.org/2005/resources/Codelist/gmxCodelists.xml#CI_RoleCode" codeListValue="originator">Creador</gmd:CI_RoleCode>
                    </gmd:role>
                  </gmd:CI_ResponsibleParty>
                </gmd:citedResponsibleParty>
              </gmd:CI_Citation>
            </gmd:thesaurusName>
          </gmd:MD_Keywords>
        </gmd:descriptiveKeywords>
        <gmd:descriptiveKeywords>
          <gmd:MD_Keywords>
            <gmd:keyword>
              <gco:CharacterString>Conveni de Ramsar</gco:CharacterString>
            </gmd:keyword>
            <gmd:type>
              <gmd:MD_KeywordTypeCode codeList="https://www.isotc211.org/2005/resources/Codelist/gmxCodelists.xml#MD_KeywordTypeCode" codeListValue="theme">Tema</gmd:MD_KeywordTypeCode>
            </gmd:type>
          </gmd:MD_Keywords>
        </gmd:descriptiveKeywords>
        <gmd:descriptiveKeywords>
          <gmd:MD_Keywords>
            <gmd:keyword>
              <gco:CharacterString>Llista Ramsar</gco:CharacterString>
            </gmd:keyword>
            <gmd:type>
              <gmd:MD_KeywordTypeCode codeList="https://www.isotc211.org/2005/resources/Codelist/gmxCodelists.xml#MD_KeywordTypeCode" codeListValue="theme">Tema</gmd:MD_KeywordTypeCode>
            </gmd:type>
          </gmd:MD_Keywords>
        </gmd:descriptiveKeywords>
        <gmd:descriptiveKeywords>
          <gmd:MD_Keywords>
            <gmd:keyword>
              <gco:CharacterString>Protecció internacional</gco:CharacterString>
            </gmd:keyword>
            <gmd:type>
              <gmd:MD_KeywordTypeCode codeList="https://www.isotc211.org/2005/resources/Codelist/gmxCodelists.xml#MD_KeywordTypeCode" codeListValue="theme">Tema</gmd:MD_KeywordTypeCode>
            </gmd:type>
          </gmd:MD_Keywords>
        </gmd:descriptiveKeywords>
        <gmd:descriptiveKeywords>
          <gmd:MD_Keywords>
            <gmd:keyword>
              <gco:CharacterString>Catalunya</gco:CharacterString>
            </gmd:keyword>
            <gmd:type>
              <gmd:MD_KeywordTypeCode codeList="https://www.isotc211.org/2005/resources/Codelist/gmxCodelists.xml#MD_KeywordTypeCode" codeListValue="place">Lloc</gmd:MD_KeywordTypeCode>
            </gmd:type>
            <gmd:thesaurusName>
              <gmd:CI_Citation>
                <gmd:title>
                  <gco:CharacterString>Tesaurus del MiraMon</gco:CharacterString>
                </gmd:title>
                <gmd:date>
                  <gmd:CI_Date>
                    <gmd:date>
                      <gco:DateTime>2021-05-25T08:02:34.000</gco:DateTime>
                    </gmd:date>
                    <gmd:dateType>
                      <gmd:CI_DateTypeCode codeList="https://www.isotc211.org/2005/resources/Codelist/ML_gmxCodelists.xml#CI_DateTypeCode" codeListValue="publication">Publicació</gmd:CI_DateTypeCode>
                    </gmd:dateType>
                  </gmd:CI_Date>
                </gmd:date>
                <gmd:citedResponsibleParty>
                  <gmd:CI_ResponsibleParty>
                    <gmd:organisationName>
                      <gco:CharacterString>MiraMon</gco:CharacterString>
                    </gmd:organisationName>
                    <gmd:contactInfo>
                      <gmd:CI_Contact>
                        <gmd:onlineResource>
                          <gmd:CI_OnlineResource>
                            <gmd:linkage>
                              <gmd:URL>https://www.creaf.uab.cat/miramon/</gmd:URL>
                            </gmd:linkage>
                            <gmd:function>
                              <gmd:CI_OnLineFunctionCode codeList="https://www.isotc211.org/2005/resources/Codelist/ML_gmxCodelists.xml#CI_OnLineFunctionCode" codeListValue="information">Informació</gmd:CI_OnLineFunctionCode>
                            </gmd:function>
                          </gmd:CI_OnlineResource>
                        </gmd:onlineResource>
                      </gmd:CI_Contact>
                    </gmd:contactInfo>
                    <gmd:role>
                      <gmd:CI_RoleCode codeList="https://www.isotc211.org/2005/resources/Codelist/gmxCodelists.xml#CI_RoleCode" codeListValue="originator">Creador</gmd:CI_RoleCode>
                    </gmd:role>
                  </gmd:CI_ResponsibleParty>
                </gmd:citedResponsibleParty>
              </gmd:CI_Citation>
            </gmd:thesaurusName>
          </gmd:MD_Keywords>
        </gmd:descriptiveKeywords>
        <gmd:descriptiveKeywords>
          <gmd:MD_Keywords>
            <gmd:keyword>
              <gco:CharacterString>medi natural</gco:CharacterString>
            </gmd:keyword>
            <gmd:type>
              <gmd:MD_KeywordTypeCode codeList="https://www.isotc211.org/2005/resources/Codelist/gmxCodelists.xml#MD_KeywordTypeCode" codeListValue="theme">Tema</gmd:MD_KeywordTypeCode>
            </gmd:type>
            <gmd:thesaurusName>
              <gmd:CI_Citation>
                <gmd:title>
                  <gco:CharacterString>GEMET Thesaurus version 1.0</gco:CharacterString>
                </gmd:title>
                <gmd:date>
                  <gmd:CI_Date>
                    <gmd:date>
                      <gco:Date>2008-06-10</gco:Date>
                    </gmd:date>
                    <gmd:dateType>
                      <gmd:CI_DateTypeCode codeList="https://www.isotc211.org/2005/resources/Codelist/ML_gmxCodelists.xml#CI_DateTypeCode" codeListValue="publication">Publicació</gmd:CI_DateTypeCode>
                    </gmd:dateType>
                  </gmd:CI_Date>
                </gmd:date>
                <gmd:citedResponsibleParty>
                  <gmd:CI_ResponsibleParty>
                    <gmd:organisationName>
                      <gco:CharacterString>European Environment Information and Observation Network (Eionet)</gco:CharacterString>
                    </gmd:organisationName>
                    <gmd:contactInfo>
                      <gmd:CI_Contact>
                        <gmd:onlineResource>
                          <gmd:CI_OnlineResource>
                            <gmd:linkage>
                              <gmd:URL>https://www.eionet.europa.eu/gemet</gmd:URL>
                            </gmd:linkage>
                            <gmd:function>
                              <gmd:CI_OnLineFunctionCode codeList="https://www.isotc211.org/2005/resources/Codelist/ML_gmxCodelists.xml#CI_OnLineFunctionCode" codeListValue="information">Informació</gmd:CI_OnLineFunctionCode>
                            </gmd:function>
                          </gmd:CI_OnlineResource>
                        </gmd:onlineResource>
                      </gmd:CI_Contact>
                    </gmd:contactInfo>
                    <gmd:role>
                      <gmd:CI_RoleCode codeList="https://www.isotc211.org/2005/resources/Codelist/gmxCodelists.xml#CI_RoleCode" codeListValue="originator">Creador</gmd:CI_RoleCode>
                    </gmd:role>
                  </gmd:CI_ResponsibleParty>
                </gmd:citedResponsibleParty>
              </gmd:CI_Citation>
            </gmd:thesaurusName>
          </gmd:MD_Keywords>
        </gmd:descriptiveKeywords>
        <gmd:resourceConstraints>
          <gmd:MD_Constraints>
            <gmd:useLimitation>
              <gco:CharacterString>No hi ha limitacions d'accés i ús a les dades</gco:CharacterString>
            </gmd:useLimitation>
          </gmd:MD_Constraints>
        </gmd:resourceConstraints>
        <gmd:spatialRepresentationType>
          <gmd:MD_SpatialRepresentationTypeCode codeList="https://www.isotc211.org/2005/resources/Codelist/gmxCodelists.xml#MD_SpatialRepresentationTypeCode" codeListValue="vector">Vectorial</gmd:MD_SpatialRepresentationTypeCode>
        </gmd:spatialRepresentationType>
        <gmd:spatialResolution>
          <gmd:MD_Resolution>
            <gmd:equivalentScale>
              <gmd:MD_RepresentativeFraction>
                <gmd:denominator>
                  <gco:Integer>50000</gco:Integer>
                </gmd:denominator>
              </gmd:MD_RepresentativeFraction>
            </gmd:equivalentScale>
          </gmd:MD_Resolution>
        </gmd:spatialResolution>
        <gmd:language>
          <gmd:LanguageCode codeList="https://www.isotc211.org/2005/resources/Codelist/ML_gmxCodelists.xml#LanguageCode" codeListValue="cat">cat</gmd:LanguageCode>
        </gmd:language>
        <gmd:topicCategory>
          <gmd:MD_TopicCategoryCode>biota</gmd:MD_TopicCategoryCode>
        </gmd:topicCategory>
        <gmd:topicCategory>
          <gmd:MD_TopicCategoryCode>environment</gmd:MD_TopicCategoryCode>
        </gmd:topicCategory>
        <gmd:extent>
          <gmd:EX_Extent />
        </gmd:extent>
        <gmd:supplementalInformation>
          <gco:CharacterString>REL4 AS SUPPLEMENTAL INFORMATION (DO NOT EDIT)&lt;![CDATA[[VERSIO]
VersMetaDades=5
SubVersMetaDades=0
Vers=4
SubVers=3

[EXTENT]
MinX=296386.137939528
MaxX=512036.504528431
MinY=4491785.90309017
MaxY=4725052.71492691
toler_env=0

[TAULA_PRINCIPAL]
DescritaAlREL=1
TipusRelacio=RELACIO_1_1_DICC
NomCamp_1=CODI_RAM
NomCamp_2=NOM_RAM
NomCamp_3=MARI_RAM
NomCamp_4=NORMA
NomCamp_5=URL
NomCamp_6=BOE_RAM
NomCamp_7=AREA_OFI
NomCamp_8=AREA_HA
NomCamp_9=PERIM_M

[TAULA_PRINCIPAL:CODI_RAM]
Tipus=N
Mida=4
descriptor=Codi de la zona humida de la Llista Ramsar
AmpleVisualitzacio=8

[TAULA_PRINCIPAL:NOM_RAM]
Mida=150
descriptor=Nom de la zona humida de la Llista Ramsar

[TAULA_PRINCIPAL:MARI_RAM]
Mida=2
descriptor=La zona humida és marina
AmpleVisualitzacio=8

[TAULA_PRINCIPAL:NORMA]
Mida=253
descriptor=Normativa de la zona humida

[TAULA_PRINCIPAL:URL]
Mida=250
descriptor=Enllaç de la normativa

[TAULA_PRINCIPAL:BOE_RAM]
Mida=50
descriptor=Número del BOE

[TAULA_PRINCIPAL:AREA_OFI]
Tipus=N
Mida=6
descriptor=Àrea oficial de la zona humida en hectàrees
unitats=ha
AmpleVisualitzacio=8

[TAULA_PRINCIPAL:AREA_HA]
Tipus=N
Mida=11
Decimals=2
descriptor=Superfície del polígon de la zona humida en hectàrees
unitats=ha
AmpleVisualitzacio=11

[TAULA_PRINCIPAL:PERIM_M]
Tipus=N
Mida=11
Decimals=2
descriptor=Perímetre del polígon de la zona humida en metres
unitats=m
AmpleVisualitzacio=11
]]&gt;</gco:CharacterString>
        </gmd:supplementalInformation>
      </gmd:MD_DataIdentification>
    </gmd:identificationInfo>
    <gmd:distributionInfo>
      <gmd:MD_Distribution>
        <gmd:distributor>
          <gmd:MD_Distributor>
            <gmd:distributorContact>
              <gmd:CI_ResponsibleParty>
                <gmd:individualName>
                  <gco:CharacterString>Unitat d'Informació i Coneixement (Direcció General de Polítiques Ambientals i Medi Natural)</gco:CharacterString>
                </gmd:individualName>
                <gmd:organisationName>
                  <gco:CharacterString>Departament d'Acció Climàtica, Alimentació i Agenda Rural (Generalitat de Catalunya)</gco:CharacterString>
                </gmd:organisationName>
                <gmd:contactInfo>
                  <gmd:CI_Contact>
                    <gmd:address>
                      <gmd:CI_Address>
                        <gmd:electronicMailAddress>
                          <gco:CharacterString>ambitinformacionatura.tes@gencat.cat</gco:CharacterString>
                        </gmd:electronicMailAddress>
                      </gmd:CI_Address>
                    </gmd:address>
                    <gmd:onlineResource>
                      <gmd:CI_OnlineResource>
                        <gmd:linkage>
                          <gmd:URL>http://mediambient.gencat.cat</gmd:URL>
                        </gmd:linkage>
                        <gmd:function>
                          <gmd:CI_OnLineFunctionCode codeList="https://www.isotc211.org/2005/resources/Codelist/ML_gmxCodelists.xml#CI_OnLineFunctionCode" codeListValue="download">Descàrrega</gmd:CI_OnLineFunctionCode>
                        </gmd:function>
                      </gmd:CI_OnlineResource>
                    </gmd:onlineResource>
                  </gmd:CI_Contact>
                </gmd:contactInfo>
                <gmd:role>
                  <gmd:CI_RoleCode codeList="https://www.isotc211.org/2005/resources/Codelist/gmxCodelists.xml#CI_RoleCode" codeListValue="distributor">Distribuïdor</gmd:CI_RoleCode>
                </gmd:role>
              </gmd:CI_ResponsibleParty>
            </gmd:distributorContact>
          </gmd:MD_Distributor>
        </gmd:distributor>
      </gmd:MD_Distribution>
    </gmd:distributionInfo>
    <gmd:dataQualityInfo>
      <gmd:DQ_DataQuality>
        <gmd:scope>
          <gmd:DQ_Scope>
            <gmd:level>
              <gmd:MD_ScopeCode codeList="https://www.isotc211.org/2005/resources/Codelist/ML_gmxCodelists.xml#MD_ScopeCode" codeListValue="dataset">Capa</gmd:MD_ScopeCode>
            </gmd:level>
          </gmd:DQ_Scope>
        </gmd:scope>
        <gmd:lineage>
          <gmd:LI_Lineage>
            <gmd:statement>
              <gco:CharacterString>Els límits de les zones humides de la Llista Ramsar de Catalunya han estat generades a partir de la base cartogràfica amb les zones humides de la Llista Ramsar de l'estat espanyol distribuïda pel Ministeri per la Transició Ecològica i el Repte Demogràfic a una escala de digitalització 1:50.000, i posteriorment des de la Generalitat de Catalunya s'han retallat per l'àmbit de Catalunya a partir de la base municipal 1:5.000 de l'ICGC.</gco:CharacterString>
            </gmd:statement>
            <gmd:source>
              <gmd:LI_Source>
                <gmd:description>
                  <gco:CharacterString>Base municipal 1:5.000 de l'ICGC</gco:CharacterString>
                </gmd:description>
                <gmd:scaleDenominator>
                  <gmd:MD_RepresentativeFraction>
                    <gmd:denominator>
                      <gco:Integer>5000</gco:Integer>
                    </gmd:denominator>
                  </gmd:MD_RepresentativeFraction>
                </gmd:scaleDenominator>
              </gmd:LI_Source>
            </gmd:source>
            <gmd:source>
              <gmd:LI_Source>
                <gmd:description>
                  <gco:CharacterString>Base cartogràfica amb la informació de les zones humides incloses a la Llista del Conveni RAMSAR del Ministerio (https://www.miteco.gob.es/es/cartografia-y-sig/ide/descargas/biodiversidad/humedales-ramsar.aspx)</gco:CharacterString>
                </gmd:description>
                <gmd:scaleDenominator>
                  <gmd:MD_RepresentativeFraction>
                    <gmd:denominator>
                      <gco:Integer>50000</gco:Integer>
                    </gmd:denominator>
                  </gmd:MD_RepresentativeFraction>
                </gmd:scaleDenominator>
              </gmd:LI_Source>
            </gmd:source>
          </gmd:LI_Lineage>
        </gmd:lineage>
      </gmd:DQ_DataQuality>
    </gmd:dataQualityInfo>
  </gmd:MD_Metadata>
</csw:GetRecordByIdResponse>

