﻿<?xml version="1.0" encoding="UTF-8"?>
<csw:GetRecordByIdResponse xmlns:csw="http://www.opengis.net/cat/csw/2.0.2">
  <gmd:MD_Metadata xmlns:gmd="http://www.isotc211.org/2005/gmd" xmlns:xsi="http://www.w3.org/2001/XMLSchema-instance" xmlns:gco="http://www.isotc211.org/2005/gco" xmlns:gml="http://www.opengis.net/gml" xmlns:gts="http://www.isotc211.org/2005/gts" xmlns:xlink="http://www.w3.org/1999/xlink" xmlns:geonet="http://www.fao.org/geonetwork" xmlns:gmx="http://www.isotc211.org/2005/gmx" xsi:schemaLocation="http://www.isotc211.org/2005/gmd http://schemas.opengis.net/iso/19139/20060504/gmd/gmd.xsd http://www.isotc211.org/2005/gmx http://schemas.opengis.net/iso/19139/20060504/gmx/gmx.xsd">
    <gmd:fileIdentifier>
      <gco:CharacterString>TMP0000A_28468</gco:CharacterString>
    </gmd:fileIdentifier>
    <gmd:language>
      <gmd:LanguageCode codeList="https://www.isotc211.org/2005/resources/Codelist/ML_gmxCodelists.xml#LanguageCode" codeListValue="cat">cat</gmd:LanguageCode>
    </gmd:language>
    <gmd:characterSet>
      <gmd:MD_CharacterSetCode codeList="https://www.isotc211.org/2005/resources/Codelist/ML_gmxCodelists.xml#MD_CharacterSetCode" codeListValue="utf8">UTF-8</gmd:MD_CharacterSetCode>
    </gmd:characterSet>
    <gmd:hierarchyLevel>
      <gmd:MD_ScopeCode codeList="https://www.isotc211.org/2005/resources/Codelist/ML_gmxCodelists.xml#MD_ScopeCode" codeListValue="dataset">Capa</gmd:MD_ScopeCode>
    </gmd:hierarchyLevel>
    <gmd:hierarchyLevelName>
      <gco:CharacterString>Capa-Full</gco:CharacterString>
    </gmd:hierarchyLevelName>
    <gmd:contact>
      <gmd:CI_ResponsibleParty>
        <gmd:individualName>
          <gco:CharacterString>Unitat d'Informació i Coneixement (Direcció General de Polítiques Ambientals i Medi Natural)</gco:CharacterString>
        </gmd:individualName>
        <gmd:organisationName>
          <gco:CharacterString>Departament d'Acció Climàtica, Alimentació i Agenda Rural (Generalitat de Catalunya)</gco:CharacterString>
        </gmd:organisationName>
        <gmd:contactInfo>
          <gmd:CI_Contact>
            <gmd:address>
              <gmd:CI_Address>
                <gmd:electronicMailAddress>
                  <gco:CharacterString>ambitinformacionatura.tes@gencat.cat</gco:CharacterString>
                </gmd:electronicMailAddress>
              </gmd:CI_Address>
            </gmd:address>
            <gmd:onlineResource>
              <gmd:CI_OnlineResource>
                <gmd:linkage>
                  <gmd:URL>https://mediambient.gencat.cat</gmd:URL>
                </gmd:linkage>
                <gmd:function>
                  <gmd:CI_OnLineFunctionCode codeList="https://www.isotc211.org/2005/resources/Codelist/ML_gmxCodelists.xml#CI_OnLineFunctionCode" codeListValue="download">Descàrrega</gmd:CI_OnLineFunctionCode>
                </gmd:function>
              </gmd:CI_OnlineResource>
            </gmd:onlineResource>
          </gmd:CI_Contact>
        </gmd:contactInfo>
        <gmd:role>
          <gmd:CI_RoleCode codeList="https://www.isotc211.org/2005/resources/Codelist/gmxCodelists.xml#CI_RoleCode" codeListValue="pointOfContact">Punt de contacte</gmd:CI_RoleCode>
        </gmd:role>
      </gmd:CI_ResponsibleParty>
    </gmd:contact>
    <gmd:dateStamp>
      <gco:Date>2022-02-08</gco:Date>
    </gmd:dateStamp>
    <gmd:metadataStandardName>
      <gco:CharacterString>ISO 19115:2003/Cor.1:2006 Geographic Information - Metadata</gco:CharacterString>
    </gmd:metadataStandardName>
    <gmd:metadataStandardVersion>
      <gco:CharacterString>IS</gco:CharacterString>
    </gmd:metadataStandardVersion>
    <gmd:spatialRepresentationInfo>
      <gmd:MD_VectorSpatialRepresentation>
        <gmd:topologyLevel>
          <gmd:MD_TopologyLevelCode codeList="https://www.isotc211.org/2005/resources/Codelist/gmxCodelists.xml#MD_TopologyLevelCode" codeListValue="fullPlanarGraph">Graf planar complet</gmd:MD_TopologyLevelCode>
        </gmd:topologyLevel>
        <gmd:geometricObjects>
          <gmd:MD_GeometricObjects>
            <gmd:geometricObjectType>
              <gmd:MD_GeometricObjectTypeCode codeList="https://www.isotc211.org/2005/resources/Codelist/gmxCodelists.xml#MD_GeometricObjectTypeCode" codeListValue="surface">Superfície</gmd:MD_GeometricObjectTypeCode>
            </gmd:geometricObjectType>
          </gmd:MD_GeometricObjects>
        </gmd:geometricObjects>
      </gmd:MD_VectorSpatialRepresentation>
    </gmd:spatialRepresentationInfo>
    <gmd:referenceSystemInfo>
      <gmd:MD_ReferenceSystem>
        <gmd:referenceSystemIdentifier>
          <gmd:RS_Identifier>
            <gmd:code>
              <gmx:Anchor xlink:href="http://www.opengis.net/def/crs/EPSG/0/25831">UTM-31N-ETRS89</gmx:Anchor>
            </gmd:code>
          </gmd:RS_Identifier>
        </gmd:referenceSystemIdentifier>
      </gmd:MD_ReferenceSystem>
    </gmd:referenceSystemInfo>
    <gmd:identificationInfo>
      <gmd:MD_DataIdentification>
        <gmd:citation>
          <gmd:CI_Citation>
            <gmd:title>
              <gco:CharacterString>Espais de la xarxa Natura 2000 (ZEC i ZEPA)</gco:CharacterString>
            </gmd:title>
            <gmd:alternateTitle>
              <gco:CharacterString>xarnat2m</gco:CharacterString>
            </gmd:alternateTitle>
            <gmd:alternateTitle>
              <gco:CharacterString>ZEPA (zones d'especial protecció per als ocells)</gco:CharacterString>
            </gmd:alternateTitle>
            <gmd:alternateTitle>
              <gco:CharacterString>LIC (llocs d'importància comunitària)</gco:CharacterString>
            </gmd:alternateTitle>
            <gmd:alternateTitle>
              <gco:CharacterString>natura 2000</gco:CharacterString>
            </gmd:alternateTitle>
            <gmd:alternateTitle>
              <gco:CharacterString>xarxa natura 2000</gco:CharacterString>
            </gmd:alternateTitle>
            <gmd:alternateTitle>
              <gco:CharacterString>ZEC (zones especials de conservació)</gco:CharacterString>
            </gmd:alternateTitle>
            <gmd:alternateTitle>
              <gco:CharacterString>XN2000</gco:CharacterString>
            </gmd:alternateTitle>
            <gmd:date>
              <gmd:CI_Date>
                <gmd:date>
                  <gco:Date>1996-11-02</gco:Date>
                </gmd:date>
                <gmd:dateType>
                  <gmd:CI_DateTypeCode codeList="https://www.isotc211.org/2005/resources/Codelist/ML_gmxCodelists.xml#CI_DateTypeCode" codeListValue="creation">Creació</gmd:CI_DateTypeCode>
                </gmd:dateType>
              </gmd:CI_Date>
            </gmd:date>
            <gmd:date>
              <gmd:CI_Date>
                <gmd:date>
                  <gco:Date>2003-06-15</gco:Date>
                </gmd:date>
                <gmd:dateType>
                  <gmd:CI_DateTypeCode codeList="https://www.isotc211.org/2005/resources/Codelist/ML_gmxCodelists.xml#CI_DateTypeCode" codeListValue="revision">Revisió</gmd:CI_DateTypeCode>
                </gmd:dateType>
              </gmd:CI_Date>
            </gmd:date>
            <gmd:date>
              <gmd:CI_Date>
                <gmd:date>
                  <gco:Date>2006-09-29</gco:Date>
                </gmd:date>
                <gmd:dateType>
                  <gmd:CI_DateTypeCode codeList="https://www.isotc211.org/2005/resources/Codelist/ML_gmxCodelists.xml#CI_DateTypeCode" codeListValue="revision">Revisió</gmd:CI_DateTypeCode>
                </gmd:dateType>
              </gmd:CI_Date>
            </gmd:date>
            <gmd:date>
              <gmd:CI_Date>
                <gmd:date>
                  <gco:Date>2009-10-01</gco:Date>
                </gmd:date>
                <gmd:dateType>
                  <gmd:CI_DateTypeCode codeList="https://www.isotc211.org/2005/resources/Codelist/ML_gmxCodelists.xml#CI_DateTypeCode" codeListValue="revision">Revisió</gmd:CI_DateTypeCode>
                </gmd:dateType>
              </gmd:CI_Date>
            </gmd:date>
            <gmd:date>
              <gmd:CI_Date>
                <gmd:date>
                  <gco:Date>2010-12-17</gco:Date>
                </gmd:date>
                <gmd:dateType>
                  <gmd:CI_DateTypeCode codeList="https://www.isotc211.org/2005/resources/Codelist/ML_gmxCodelists.xml#CI_DateTypeCode" codeListValue="revision">Revisió</gmd:CI_DateTypeCode>
                </gmd:dateType>
              </gmd:CI_Date>
            </gmd:date>
            <gmd:date>
              <gmd:CI_Date>
                <gmd:date>
                  <gco:Date>2013-05-30</gco:Date>
                </gmd:date>
                <gmd:dateType>
                  <gmd:CI_DateTypeCode codeList="https://www.isotc211.org/2005/resources/Codelist/ML_gmxCodelists.xml#CI_DateTypeCode" codeListValue="revision">Revisió</gmd:CI_DateTypeCode>
                </gmd:dateType>
              </gmd:CI_Date>
            </gmd:date>
            <gmd:date>
              <gmd:CI_Date>
                <gmd:date>
                  <gco:Date>2013-11-28</gco:Date>
                </gmd:date>
                <gmd:dateType>
                  <gmd:CI_DateTypeCode codeList="https://www.isotc211.org/2005/resources/Codelist/ML_gmxCodelists.xml#CI_DateTypeCode" codeListValue="revision">Revisió</gmd:CI_DateTypeCode>
                </gmd:dateType>
              </gmd:CI_Date>
            </gmd:date>
            <gmd:date>
              <gmd:CI_Date>
                <gmd:date>
                  <gco:Date>2014-03-24</gco:Date>
                </gmd:date>
                <gmd:dateType>
                  <gmd:CI_DateTypeCode codeList="https://www.isotc211.org/2005/resources/Codelist/ML_gmxCodelists.xml#CI_DateTypeCode" codeListValue="revision">Revisió</gmd:CI_DateTypeCode>
                </gmd:dateType>
              </gmd:CI_Date>
            </gmd:date>
            <gmd:date>
              <gmd:CI_Date>
                <gmd:date>
                  <gco:Date>2015-12-15</gco:Date>
                </gmd:date>
                <gmd:dateType>
                  <gmd:CI_DateTypeCode codeList="https://www.isotc211.org/2005/resources/Codelist/ML_gmxCodelists.xml#CI_DateTypeCode" codeListValue="revision">Revisió</gmd:CI_DateTypeCode>
                </gmd:dateType>
              </gmd:CI_Date>
            </gmd:date>
            <gmd:date>
              <gmd:CI_Date>
                <gmd:date>
                  <gco:Date>2017-04-12</gco:Date>
                </gmd:date>
                <gmd:dateType>
                  <gmd:CI_DateTypeCode codeList="https://www.isotc211.org/2005/resources/Codelist/ML_gmxCodelists.xml#CI_DateTypeCode" codeListValue="revision">Revisió</gmd:CI_DateTypeCode>
                </gmd:dateType>
              </gmd:CI_Date>
            </gmd:date>
            <gmd:date>
              <gmd:CI_Date>
                <gmd:date>
                  <gco:Date>2018-08-06</gco:Date>
                </gmd:date>
                <gmd:dateType>
                  <gmd:CI_DateTypeCode codeList="https://www.isotc211.org/2005/resources/Codelist/ML_gmxCodelists.xml#CI_DateTypeCode" codeListValue="revision">Revisió</gmd:CI_DateTypeCode>
                </gmd:dateType>
              </gmd:CI_Date>
            </gmd:date>
            <gmd:date>
              <gmd:CI_Date>
                <gmd:date>
                  <gco:Date>2018-10-11</gco:Date>
                </gmd:date>
                <gmd:dateType>
                  <gmd:CI_DateTypeCode codeList="https://www.isotc211.org/2005/resources/Codelist/ML_gmxCodelists.xml#CI_DateTypeCode" codeListValue="revision">Revisió</gmd:CI_DateTypeCode>
                </gmd:dateType>
              </gmd:CI_Date>
            </gmd:date>
            <gmd:date>
              <gmd:CI_Date>
                <gmd:date>
                  <gco:Date>2019-10-11</gco:Date>
                </gmd:date>
                <gmd:dateType>
                  <gmd:CI_DateTypeCode codeList="https://www.isotc211.org/2005/resources/Codelist/ML_gmxCodelists.xml#CI_DateTypeCode" codeListValue="revision">Revisió</gmd:CI_DateTypeCode>
                </gmd:dateType>
              </gmd:CI_Date>
            </gmd:date>
            <gmd:date>
              <gmd:CI_Date>
                <gmd:date>
                  <gco:Date>2022-02-08</gco:Date>
                </gmd:date>
                <gmd:dateType>
                  <gmd:CI_DateTypeCode codeList="https://www.isotc211.org/2005/resources/Codelist/ML_gmxCodelists.xml#CI_DateTypeCode" codeListValue="revision">Revisió</gmd:CI_DateTypeCode>
                </gmd:dateType>
              </gmd:CI_Date>
            </gmd:date>
            <gmd:editionDate>
              <gco:Date>1996-11-02</gco:Date>
            </gmd:editionDate>
            <gmd:identifier>
              <gmd:RS_Identifier>
                <gmd:code>
                  <gco:CharacterString>TMP0000_44392</gco:CharacterString>
                </gmd:code>
              </gmd:RS_Identifier>
            </gmd:identifier>
          </gmd:CI_Citation>
        </gmd:citation>
        <gmd:abstract>
          <gco:CharacterString>Límits dels espais naturals de Catalunya que formen part de la xarxa Natura 2000. Aquests espais poden haver estat proposats com a zones d'especial protecció per als ocells (ZEPA) d'acord amb la Directiva 2009/147/CEE, anomenada també Directiva d'ocells, i/o com a zones d'especial conservació (ZEC) d'acord amb la Directiva 92/43/CEE, coneguda també com a Directiva d'hàbitats. En primera instància, la Generalitat de Catalunya aprova la proposta de llocs d'importància comunitària (LIC) per a la xarxa Natura 2000 dels espais de les regions biogeogràfiques alpina i mediterrània. Posteriorment, la Comissió Europea adopta la conformitat d'aquesta proposta i finalment la Generalitat de Catalunya declara els LIC com a ZEC.</gco:CharacterString>
        </gmd:abstract>
        <gmd:purpose>
          <gco:CharacterString>Delimitar i mostrar els espais que pertanyen a la xarxa Natura 2000 a Catalunya per tal de conservar els hàbitats, les espècies i la biodiversitat d'acord amb l'objectiu fonamental derivat de les Directives d'hàbitats i d'ocells. Aquests espais formen part de la xarxa europea d'espais naturals protegits que representen la incitativa més important de la Unió Europea en matèria de conservació de la biodiversitat.</gco:CharacterString>
        </gmd:purpose>
        <gmd:pointOfContact>
          <gmd:CI_ResponsibleParty>
            <gmd:individualName>
              <gco:CharacterString>Unitat d'Informació i Coneixement (Direcció General de Polítiques Ambientals i Medi Natural)</gco:CharacterString>
            </gmd:individualName>
            <gmd:organisationName>
              <gco:CharacterString>Departament d'Acció Climàtica, Alimentació i Agenda Rural (Generalitat de Catalunya)</gco:CharacterString>
            </gmd:organisationName>
            <gmd:contactInfo>
              <gmd:CI_Contact>
                <gmd:address>
                  <gmd:CI_Address>
                    <gmd:electronicMailAddress>
                      <gco:CharacterString>ambitinformacionatura.tes@gencat.cat</gco:CharacterString>
                    </gmd:electronicMailAddress>
                  </gmd:CI_Address>
                </gmd:address>
                <gmd:onlineResource>
                  <gmd:CI_OnlineResource>
                    <gmd:linkage>
                      <gmd:URL>https://mediambient.gencat.cat</gmd:URL>
                    </gmd:linkage>
                    <gmd:function>
                      <gmd:CI_OnLineFunctionCode codeList="https://www.isotc211.org/2005/resources/Codelist/ML_gmxCodelists.xml#CI_OnLineFunctionCode" codeListValue="download">Descàrrega</gmd:CI_OnLineFunctionCode>
                    </gmd:function>
                  </gmd:CI_OnlineResource>
                </gmd:onlineResource>
              </gmd:CI_Contact>
            </gmd:contactInfo>
            <gmd:role>
              <gmd:CI_RoleCode codeList="https://www.isotc211.org/2005/resources/Codelist/gmxCodelists.xml#CI_RoleCode" codeListValue="pointOfContact">Punt de contacte</gmd:CI_RoleCode>
            </gmd:role>
          </gmd:CI_ResponsibleParty>
        </gmd:pointOfContact>
        <gmd:resourceMaintenance>
          <gmd:MD_MaintenanceInformation>
            <gmd:maintenanceAndUpdateFrequency>
              <gmd:MD_MaintenanceFrequencyCode codeList="https://www.isotc211.org/2005/resources/Codelist/gmxCodelists.xml#MD_MaintenanceFrequencyCode" codeListValue="asNeeded">Segons necessitat</gmd:MD_MaintenanceFrequencyCode>
            </gmd:maintenanceAndUpdateFrequency>
          </gmd:MD_MaintenanceInformation>
        </gmd:resourceMaintenance>
        <gmd:descriptiveKeywords>
          <gmd:MD_Keywords>
            <gmd:keyword>
              <gco:CharacterString>Espais protegits</gco:CharacterString>
            </gmd:keyword>
            <gmd:type>
              <gmd:MD_KeywordTypeCode codeList="https://www.isotc211.org/2005/resources/Codelist/gmxCodelists.xml#MD_KeywordTypeCode" codeListValue="theme">Tema</gmd:MD_KeywordTypeCode>
            </gmd:type>
            <gmd:thesaurusName>
              <gmd:CI_Citation>
                <gmd:title>
                  <gco:CharacterString>Tesaurus del MiraMon</gco:CharacterString>
                </gmd:title>
                <gmd:date>
                  <gmd:CI_Date>
                    <gmd:date>
                      <gco:DateTime>2021-05-25T07:02:32.005</gco:DateTime>
                    </gmd:date>
                    <gmd:dateType>
                      <gmd:CI_DateTypeCode codeList="https://www.isotc211.org/2005/resources/Codelist/ML_gmxCodelists.xml#CI_DateTypeCode" codeListValue="publication">Publicació</gmd:CI_DateTypeCode>
                    </gmd:dateType>
                  </gmd:CI_Date>
                </gmd:date>
                <gmd:citedResponsibleParty>
                  <gmd:CI_ResponsibleParty>
                    <gmd:role>
                      <gmd:CI_RoleCode codeList="https://www.isotc211.org/2005/resources/Codelist/gmxCodelists.xml#CI_RoleCode" codeListValue="originator">Creador</gmd:CI_RoleCode>
                    </gmd:role>
                  </gmd:CI_ResponsibleParty>
                </gmd:citedResponsibleParty>
              </gmd:CI_Citation>
            </gmd:thesaurusName>
          </gmd:MD_Keywords>
        </gmd:descriptiveKeywords>
        <gmd:descriptiveKeywords>
          <gmd:MD_Keywords>
            <gmd:keyword>
              <gco:CharacterString>espai protegit</gco:CharacterString>
            </gmd:keyword>
            <gmd:type>
              <gmd:MD_KeywordTypeCode codeList="https://www.isotc211.org/2005/resources/Codelist/gmxCodelists.xml#MD_KeywordTypeCode" codeListValue="theme">Tema</gmd:MD_KeywordTypeCode>
            </gmd:type>
            <gmd:thesaurusName>
              <gmd:CI_Citation>
                <gmd:title>
                  <gco:CharacterString>GEMET Thesaurus version 1.0</gco:CharacterString>
                </gmd:title>
                <gmd:date>
                  <gmd:CI_Date>
                    <gmd:date>
                      <gco:Date>2008-06-10</gco:Date>
                    </gmd:date>
                    <gmd:dateType>
                      <gmd:CI_DateTypeCode codeList="https://www.isotc211.org/2005/resources/Codelist/ML_gmxCodelists.xml#CI_DateTypeCode" codeListValue="publication">Publicació</gmd:CI_DateTypeCode>
                    </gmd:dateType>
                  </gmd:CI_Date>
                </gmd:date>
                <gmd:citedResponsibleParty>
                  <gmd:CI_ResponsibleParty>
                    <gmd:role>
                      <gmd:CI_RoleCode codeList="https://www.isotc211.org/2005/resources/Codelist/gmxCodelists.xml#CI_RoleCode" codeListValue="originator">Creador</gmd:CI_RoleCode>
                    </gmd:role>
                  </gmd:CI_ResponsibleParty>
                </gmd:citedResponsibleParty>
              </gmd:CI_Citation>
            </gmd:thesaurusName>
          </gmd:MD_Keywords>
        </gmd:descriptiveKeywords>
        <gmd:descriptiveKeywords>
          <gmd:MD_Keywords>
            <gmd:keyword>
              <gco:CharacterString>Xarxa Natura 2000</gco:CharacterString>
            </gmd:keyword>
            <gmd:type>
              <gmd:MD_KeywordTypeCode codeList="https://www.isotc211.org/2005/resources/Codelist/gmxCodelists.xml#MD_KeywordTypeCode" codeListValue="theme">Tema</gmd:MD_KeywordTypeCode>
            </gmd:type>
          </gmd:MD_Keywords>
        </gmd:descriptiveKeywords>
        <gmd:descriptiveKeywords>
          <gmd:MD_Keywords>
            <gmd:keyword>
              <gco:CharacterString>Red Natura 2000</gco:CharacterString>
            </gmd:keyword>
            <gmd:type>
              <gmd:MD_KeywordTypeCode codeList="https://www.isotc211.org/2005/resources/Codelist/gmxCodelists.xml#MD_KeywordTypeCode" codeListValue="theme">Tema</gmd:MD_KeywordTypeCode>
            </gmd:type>
          </gmd:MD_Keywords>
        </gmd:descriptiveKeywords>
        <gmd:descriptiveKeywords>
          <gmd:MD_Keywords>
            <gmd:keyword>
              <gco:CharacterString>conservació del medi ambient</gco:CharacterString>
            </gmd:keyword>
            <gmd:type>
              <gmd:MD_KeywordTypeCode codeList="https://www.isotc211.org/2005/resources/Codelist/gmxCodelists.xml#MD_KeywordTypeCode" codeListValue="theme">Tema</gmd:MD_KeywordTypeCode>
            </gmd:type>
            <gmd:thesaurusName>
              <gmd:CI_Citation>
                <gmd:title>
                  <gco:CharacterString>GEMET Thesaurus version 1.0</gco:CharacterString>
                </gmd:title>
                <gmd:date>
                  <gmd:CI_Date>
                    <gmd:date>
                      <gco:Date>2008-06-10</gco:Date>
                    </gmd:date>
                    <gmd:dateType>
                      <gmd:CI_DateTypeCode codeList="https://www.isotc211.org/2005/resources/Codelist/ML_gmxCodelists.xml#CI_DateTypeCode" codeListValue="publication">Publicació</gmd:CI_DateTypeCode>
                    </gmd:dateType>
                  </gmd:CI_Date>
                </gmd:date>
                <gmd:citedResponsibleParty>
                  <gmd:CI_ResponsibleParty>
                    <gmd:role>
                      <gmd:CI_RoleCode codeList="https://www.isotc211.org/2005/resources/Codelist/gmxCodelists.xml#CI_RoleCode" codeListValue="originator">Creador</gmd:CI_RoleCode>
                    </gmd:role>
                  </gmd:CI_ResponsibleParty>
                </gmd:citedResponsibleParty>
              </gmd:CI_Citation>
            </gmd:thesaurusName>
          </gmd:MD_Keywords>
        </gmd:descriptiveKeywords>
        <gmd:descriptiveKeywords>
          <gmd:MD_Keywords>
            <gmd:keyword>
              <gco:CharacterString>conservació de la natura</gco:CharacterString>
            </gmd:keyword>
            <gmd:type>
              <gmd:MD_KeywordTypeCode codeList="https://www.isotc211.org/2005/resources/Codelist/gmxCodelists.xml#MD_KeywordTypeCode" codeListValue="theme">Tema</gmd:MD_KeywordTypeCode>
            </gmd:type>
            <gmd:thesaurusName>
              <gmd:CI_Citation>
                <gmd:title>
                  <gco:CharacterString>GEMET Thesaurus version 1.0</gco:CharacterString>
                </gmd:title>
                <gmd:date>
                  <gmd:CI_Date>
                    <gmd:date>
                      <gco:Date>2008-06-10</gco:Date>
                    </gmd:date>
                    <gmd:dateType>
                      <gmd:CI_DateTypeCode codeList="https://www.isotc211.org/2005/resources/Codelist/ML_gmxCodelists.xml#CI_DateTypeCode" codeListValue="publication">Publicació</gmd:CI_DateTypeCode>
                    </gmd:dateType>
                  </gmd:CI_Date>
                </gmd:date>
                <gmd:citedResponsibleParty>
                  <gmd:CI_ResponsibleParty>
                    <gmd:role>
                      <gmd:CI_RoleCode codeList="https://www.isotc211.org/2005/resources/Codelist/gmxCodelists.xml#CI_RoleCode" codeListValue="originator">Creador</gmd:CI_RoleCode>
                    </gmd:role>
                  </gmd:CI_ResponsibleParty>
                </gmd:citedResponsibleParty>
              </gmd:CI_Citation>
            </gmd:thesaurusName>
          </gmd:MD_Keywords>
        </gmd:descriptiveKeywords>
        <gmd:descriptiveKeywords>
          <gmd:MD_Keywords>
            <gmd:keyword>
              <gco:CharacterString>conservació d'espècies</gco:CharacterString>
            </gmd:keyword>
            <gmd:type>
              <gmd:MD_KeywordTypeCode codeList="https://www.isotc211.org/2005/resources/Codelist/gmxCodelists.xml#MD_KeywordTypeCode" codeListValue="theme">Tema</gmd:MD_KeywordTypeCode>
            </gmd:type>
            <gmd:thesaurusName>
              <gmd:CI_Citation>
                <gmd:title>
                  <gco:CharacterString>GEMET Thesaurus version 1.0</gco:CharacterString>
                </gmd:title>
                <gmd:date>
                  <gmd:CI_Date>
                    <gmd:date>
                      <gco:Date>2008-06-10</gco:Date>
                    </gmd:date>
                    <gmd:dateType>
                      <gmd:CI_DateTypeCode codeList="https://www.isotc211.org/2005/resources/Codelist/ML_gmxCodelists.xml#CI_DateTypeCode" codeListValue="publication">Publicació</gmd:CI_DateTypeCode>
                    </gmd:dateType>
                  </gmd:CI_Date>
                </gmd:date>
                <gmd:citedResponsibleParty>
                  <gmd:CI_ResponsibleParty>
                    <gmd:role>
                      <gmd:CI_RoleCode codeList="https://www.isotc211.org/2005/resources/Codelist/gmxCodelists.xml#CI_RoleCode" codeListValue="originator">Creador</gmd:CI_RoleCode>
                    </gmd:role>
                  </gmd:CI_ResponsibleParty>
                </gmd:citedResponsibleParty>
              </gmd:CI_Citation>
            </gmd:thesaurusName>
          </gmd:MD_Keywords>
        </gmd:descriptiveKeywords>
        <gmd:descriptiveKeywords>
          <gmd:MD_Keywords>
            <gmd:keyword>
              <gco:CharacterString>ZEPA (zones d'especial protecció per ocells)</gco:CharacterString>
            </gmd:keyword>
            <gmd:type>
              <gmd:MD_KeywordTypeCode codeList="https://www.isotc211.org/2005/resources/Codelist/gmxCodelists.xml#MD_KeywordTypeCode" codeListValue="theme">Tema</gmd:MD_KeywordTypeCode>
            </gmd:type>
          </gmd:MD_Keywords>
        </gmd:descriptiveKeywords>
        <gmd:descriptiveKeywords>
          <gmd:MD_Keywords>
            <gmd:keyword>
              <gco:CharacterString>ZEC (zones d'especial conservació)</gco:CharacterString>
            </gmd:keyword>
            <gmd:type>
              <gmd:MD_KeywordTypeCode codeList="https://www.isotc211.org/2005/resources/Codelist/gmxCodelists.xml#MD_KeywordTypeCode" codeListValue="theme">Tema</gmd:MD_KeywordTypeCode>
            </gmd:type>
          </gmd:MD_Keywords>
        </gmd:descriptiveKeywords>
        <gmd:descriptiveKeywords>
          <gmd:MD_Keywords>
            <gmd:keyword>
              <gco:CharacterString>LIC (llocs d'importància comunitària)</gco:CharacterString>
            </gmd:keyword>
            <gmd:type>
              <gmd:MD_KeywordTypeCode codeList="https://www.isotc211.org/2005/resources/Codelist/gmxCodelists.xml#MD_KeywordTypeCode" codeListValue="theme">Tema</gmd:MD_KeywordTypeCode>
            </gmd:type>
          </gmd:MD_Keywords>
        </gmd:descriptiveKeywords>
        <gmd:descriptiveKeywords>
          <gmd:MD_Keywords>
            <gmd:keyword>
              <gco:CharacterString>Llocs protegits</gco:CharacterString>
            </gmd:keyword>
            <gmd:type>
              <gmd:MD_KeywordTypeCode codeList="https://www.isotc211.org/2005/resources/Codelist/gmxCodelists.xml#MD_KeywordTypeCode" codeListValue="theme">Tema</gmd:MD_KeywordTypeCode>
            </gmd:type>
            <gmd:thesaurusName>
              <gmd:CI_Citation>
                <gmd:date>
                  <gmd:CI_Date>
                    <gmd:date>
                      <gco:Date>2008-06-01</gco:Date>
                    </gmd:date>
                    <gmd:dateType>
                      <gmd:CI_DateTypeCode codeList="https://www.isotc211.org/2005/resources/Codelist/ML_gmxCodelists.xml#CI_DateTypeCode" codeListValue="publication">Publicació</gmd:CI_DateTypeCode>
                    </gmd:dateType>
                  </gmd:CI_Date>
                </gmd:date>
                <gmd:citedResponsibleParty>
                  <gmd:CI_ResponsibleParty>
                    <gmd:role>
                      <gmd:CI_RoleCode codeList="https://www.isotc211.org/2005/resources/Codelist/gmxCodelists.xml#CI_RoleCode" codeListValue="originator">Creador</gmd:CI_RoleCode>
                    </gmd:role>
                  </gmd:CI_ResponsibleParty>
                </gmd:citedResponsibleParty>
              </gmd:CI_Citation>
            </gmd:thesaurusName>
          </gmd:MD_Keywords>
        </gmd:descriptiveKeywords>
        <gmd:resourceConstraints>
          <gmd:MD_Constraints>
            <gmd:useLimitation>
              <gco:CharacterString>No hi ha limitacions d'accés i ús a les dades.</gco:CharacterString>
            </gmd:useLimitation>
          </gmd:MD_Constraints>
        </gmd:resourceConstraints>
        <gmd:spatialRepresentationType>
          <gmd:MD_SpatialRepresentationTypeCode codeList="https://www.isotc211.org/2005/resources/Codelist/gmxCodelists.xml#MD_SpatialRepresentationTypeCode" codeListValue="vector">Vectorial</gmd:MD_SpatialRepresentationTypeCode>
        </gmd:spatialRepresentationType>
        <gmd:spatialResolution>
          <gmd:MD_Resolution>
            <gmd:equivalentScale>
              <gmd:MD_RepresentativeFraction>
                <gmd:denominator>
                  <gco:Integer>50000</gco:Integer>
                </gmd:denominator>
              </gmd:MD_RepresentativeFraction>
            </gmd:equivalentScale>
          </gmd:MD_Resolution>
        </gmd:spatialResolution>
        <gmd:language>
          <gmd:LanguageCode codeList="https://www.isotc211.org/2005/resources/Codelist/ML_gmxCodelists.xml#LanguageCode" codeListValue="cat">cat</gmd:LanguageCode>
        </gmd:language>
        <gmd:topicCategory>
          <gmd:MD_TopicCategoryCode>biota</gmd:MD_TopicCategoryCode>
        </gmd:topicCategory>
        <gmd:topicCategory>
          <gmd:MD_TopicCategoryCode>environment</gmd:MD_TopicCategoryCode>
        </gmd:topicCategory>
        <gmd:extent>
          <gmd:EX_Extent>
            <gmd:geographicElement>
              <gmd:EX_GeographicBoundingBox>
                <gmd:extentTypeCode>
                  <gco:Boolean>true</gco:Boolean>
                </gmd:extentTypeCode>
                <gmd:westBoundLongitude>
                  <gco:Decimal>0.0652143034896667</gco:Decimal>
                </gmd:westBoundLongitude>
                <gmd:eastBoundLongitude>
                  <gco:Decimal>3.335555017355</gco:Decimal>
                </gmd:eastBoundLongitude>
                <gmd:southBoundLatitude>
                  <gco:Decimal>40.490714492365</gco:Decimal>
                </gmd:southBoundLatitude>
                <gmd:northBoundLatitude>
                  <gco:Decimal>42.8839368979083</gco:Decimal>
                </gmd:northBoundLatitude>
              </gmd:EX_GeographicBoundingBox>
            </gmd:geographicElement>
          </gmd:EX_Extent>
        </gmd:extent>
        <gmd:supplementalInformation>
          <gco:CharacterString>REL4 AS SUPPLEMENTAL INFORMATION (DO NOT EDIT)&lt;![CDATA[[VERSIO]
VersMetaDades=5
SubVersMetaDades=0

[EXTENT]
MinX=251272.713698486
MaxX=528436.816378958
MinY=4482278.11285708
MaxY=4752105.28063461
toler_env=0
]]&gt;</gco:CharacterString>
        </gmd:supplementalInformation>
      </gmd:MD_DataIdentification>
    </gmd:identificationInfo>
    <gmd:distributionInfo>
      <gmd:MD_Distribution>
        <gmd:distributor>
          <gmd:MD_Distributor>
            <gmd:distributorContact>
              <gmd:CI_ResponsibleParty>
                <gmd:individualName>
                  <gco:CharacterString>Unitat d'Informació i Coneixement (Direcció General de Polítiques Ambientals i Medi Natural)</gco:CharacterString>
                </gmd:individualName>
                <gmd:organisationName>
                  <gco:CharacterString>Departament d'Acció Climàtica, Alimentació i Agenda Rural (Generalitat de Catalunya)</gco:CharacterString>
                </gmd:organisationName>
                <gmd:contactInfo>
                  <gmd:CI_Contact>
                    <gmd:address>
                      <gmd:CI_Address>
                        <gmd:electronicMailAddress>
                          <gco:CharacterString>ambitinformacionatura.tes@gencat.cat</gco:CharacterString>
                        </gmd:electronicMailAddress>
                      </gmd:CI_Address>
                    </gmd:address>
                    <gmd:onlineResource>
                      <gmd:CI_OnlineResource>
                        <gmd:linkage>
                          <gmd:URL>https://mediambient.gencat.cat</gmd:URL>
                        </gmd:linkage>
                        <gmd:function>
                          <gmd:CI_OnLineFunctionCode codeList="https://www.isotc211.org/2005/resources/Codelist/ML_gmxCodelists.xml#CI_OnLineFunctionCode" codeListValue="download">Descàrrega</gmd:CI_OnLineFunctionCode>
                        </gmd:function>
                      </gmd:CI_OnlineResource>
                    </gmd:onlineResource>
                  </gmd:CI_Contact>
                </gmd:contactInfo>
                <gmd:role>
                  <gmd:CI_RoleCode codeList="https://www.isotc211.org/2005/resources/Codelist/gmxCodelists.xml#CI_RoleCode" codeListValue="distributor">Distribuïdor</gmd:CI_RoleCode>
                </gmd:role>
              </gmd:CI_ResponsibleParty>
            </gmd:distributorContact>
          </gmd:MD_Distributor>
        </gmd:distributor>
      </gmd:MD_Distribution>
    </gmd:distributionInfo>
    <gmd:dataQualityInfo>
      <gmd:DQ_DataQuality>
        <gmd:scope>
          <gmd:DQ_Scope>
            <gmd:level>
              <gmd:MD_ScopeCode codeList="http://standards.iso.org/ittf/PubliclyAvailableStandards/ISO_19139_Schemas/resources/Codelist/ML_gmxCodelists.xml#MD_ScopeCode" codeListValue="dataset">Capa</gmd:MD_ScopeCode>
            </gmd:level>
          </gmd:DQ_Scope>
        </gmd:scope>
        <gmd:lineage>
          <gmd:LI_Lineage>
            <gmd:statement>
              <gco:CharacterString>Els límits dels espais s'han digitalitzat sobre la base topogràfica 1:50.000 i 1:5.000 (ICGC) i seguint la descripció de la delimitació dels diferents espais i modificacions posteriors.</gco:CharacterString>
            </gmd:statement>
            <gmd:source>
              <gmd:LI_Source>
                <gmd:description>
                  <gco:CharacterString>Base topogràfica de Catalunya 1:50.000 (ICGC) i base topogràfica de Catalunya 1:5.000 (ICGC).</gco:CharacterString>
                </gmd:description>
              </gmd:LI_Source>
            </gmd:source>
          </gmd:LI_Lineage>
        </gmd:lineage>
      </gmd:DQ_DataQuality>
    </gmd:dataQualityInfo>
  </gmd:MD_Metadata>
</csw:GetRecordByIdResponse>

